student_id,name,department,city,marks
101,Aman Sharma,CSE,Delhi,85
102,Priya Verma,IT,Lucknow,78
103,Rohit Singh,CSE,Delhi,92
104,Neha Gupta,ECE,Kanpur,67
105,Vikas Yadav,IT,Lucknow,74
106,Sneha Mishra,CSE,Delhi,88
107,Arjun Mehta,ECE,Kanpur,72
108,Kiran Joshi,IT,Lucknow,81
109,Meera Kapoor,CSE,Delhi,95
110,Rahul Tiwari,ECE,Kanpur,69
111,Ishita Rao,CSE,Noida,83
112,Dev Malhotra,IT,Delhi,76
113,Ananya Jain,ECE,Lucknow,91
114,Harsh Patel,CSE,Kanpur,64
115,Simran Kaur,IT,Noida,89
116,Aditya Roy,ECE,Delhi,73
117,Pooja Nair,CSE,Lucknow,86
118,Mohit Saxena,IT,Kanpur,79
119,Riya Bose,ECE,Noida,94
120,Kabir Arora,CSE,Delhi,82
121,Nisha Sinha,IT,Lucknow,68
122,Varun Bhat,ECE,Kanpur,87
123,Tanvi Kulkarni,CSE,Noida,90
124,Yash Khanna,IT,Delhi,71
125,Sakshi Dubey,ECE,Lucknow,84
126,Manav Chopra,CSE,Kanpur,77
127,Aditi Menon,IT,Noida,93
128,Rohan Das,ECE,Delhi,75
129,Shreya Iyer,CSE,Lucknow,88
130,Nitin Goyal,IT,Kanpur,80
